{"v":"5.9.6","fr":30,"ip":0,"op":75,"w":1920,"h":1080,"nm":"22-12-12-Furniture-pixel-perfect-icons-editable-color-animation-10","ddd":0,"assets":[],"layers":[{"ddd":0,"ind":1,"ty":4,"nm":"10","sr":1,"ks":{"o":{"a":0,"k":100,"ix":11},"r":{"a":0,"k":0,"ix":10},"p":{"a":0,"k":[960,306.979,0],"ix":2,"l":2},"a":{"a":0,"k":[2500,2500,0],"ix":1,"l":2},"s":{"a":0,"k":[26,26,100],"ix":6,"l":2}},"ao":0,"shapes":[{"ty":"gr","it":[{"ind":0,"ty":"sh","ix":1,"ks":{"a":0,"k":{"i":[[145.159,0],[0,0],[0,-145.158],[0,0],[-145.159,0],[0,0],[0,145.159],[0,0]],"o":[[0,0],[-145.159,0],[0,0],[0,145.159],[0,0],[145.159,0],[0,0],[0,-145.158]],"v":[[279.101,-335.484],[-279.102,-335.484],[-541.935,-72.65],[-541.935,72.651],[-279.102,335.484],[279.101,335.484],[541.935,72.651],[541.935,-72.65]],"c":true},"ix":2},"nm":"Path 1","mn":"ADBE Vector Shape - Group","hd":false},{"ty":"st","c":{"a":0,"k":[0,0.2193,0.28,1],"ix":3},"o":{"a":0,"k":100,"ix":4},"w":{"a":0,"k":103.226,"ix":5},"lc":2,"lj":2,"bm":0,"nm":"Stroke 1","mn":"ADBE Vector Graphic - Stroke","hd":false},{"ty":"fl","c":{"a":0,"k":[0.0706,0.5098,0.6353,1],"ix":4},"o":{"a":0,"k":100,"ix":5},"r":1,"bm":0,"nm":"Fill 1","mn":"ADBE Vector Graphic - Fill","hd":false},{"ty":"tr","p":{"a":1,"k":[{"i":{"x":0.667,"y":1},"o":{"x":0.333,"y":0},"t":39,"s":[1777.42,2074.193],"to":[0,155.867],"ti":[0,-136.383]},{"i":{"x":0.667,"y":1},"o":{"x":0.333,"y":0},"t":52.421,"s":[1777.42,3009.393],"to":[0,136.383],"ti":[0,9.092]},{"i":{"x":0.667,"y":1},"o":{"x":0.333,"y":0},"t":58.736,"s":[1777.42,2892.493],"to":[0,-9.092],"ti":[0,-10.391]},{"t":62.6845703125,"s":[1777.42,2954.84]}],"ix":2},"a":{"a":0,"k":[0,0],"ix":1},"s":{"a":1,"k":[{"i":{"x":[0.58,0.58],"y":[1,1]},"o":{"x":[0.001,0.001],"y":[0,0]},"t":39,"s":[100,100]},{"i":{"x":[0.833,0.833],"y":[0.833,0.833]},"o":{"x":[0.333,0.333],"y":[0,0]},"t":40.579,"s":[91,100]},{"i":{"x":[0.58,0.58],"y":[1,1]},"o":{"x":[0.42,0.42],"y":[0,0]},"t":52.421,"s":[100,83]},{"i":{"x":[0.58,0.58],"y":[1,1]},"o":{"x":[0.42,0.42],"y":[0,0]},"t":59.156,"s":[91,100]},{"t":64.85546875,"s":[100,100]}],"ix":3},"r":{"a":0,"k":0,"ix":6},"o":{"a":1,"k":[{"i":{"x":[0.667],"y":[1]},"o":{"x":[0.333],"y":[0]},"t":39,"s":[0]},{"t":45.3154296875,"s":[100]}],"ix":7},"sk":{"a":0,"k":0,"ix":4},"sa":{"a":0,"k":0,"ix":5},"nm":"Transform"}],"nm":"Group 6","np":3,"cix":2,"bm":0,"ix":1,"mn":"ADBE Vector Group","hd":false},{"ty":"gr","it":[{"ind":0,"ty":"sh","ix":1,"ks":{"a":0,"k":{"i":[[145.158,0],[0,0],[0,-145.158],[0,0],[-145.158,0],[0,0],[0,145.159],[0,0]],"o":[[0,0],[-145.158,0],[0,0],[0,145.159],[0,0],[145.158,0],[0,0],[0,-145.158]],"v":[[279.102,-335.484],[-279.102,-335.484],[-541.935,-72.65],[-541.935,72.651],[-279.102,335.484],[279.102,335.484],[541.935,72.651],[541.935,-72.65]],"c":true},"ix":2},"nm":"Path 1","mn":"ADBE Vector Shape - Group","hd":false},{"ty":"st","c":{"a":0,"k":[0,0.2193,0.28,1],"ix":3},"o":{"a":0,"k":100,"ix":4},"w":{"a":0,"k":103.226,"ix":5},"lc":2,"lj":2,"bm":0,"nm":"Stroke 1","mn":"ADBE Vector Graphic - Stroke","hd":false},{"ty":"fl","c":{"a":0,"k":[0.0706,0.5098,0.6353,1],"ix":4},"o":{"a":0,"k":100,"ix":5},"r":1,"bm":0,"nm":"Fill 1","mn":"ADBE Vector Graphic - Fill","hd":false},{"ty":"tr","p":{"a":1,"k":[{"i":{"x":0.667,"y":1},"o":{"x":0.333,"y":0},"t":45.315,"s":[3222.581,2074.193],"to":[0,155.867],"ti":[0,-135.751]},{"i":{"x":0.667,"y":1},"o":{"x":0.333,"y":0},"t":58.736,"s":[3222.581,3009.393],"to":[0,135.751],"ti":[0,9.092]},{"i":{"x":0.667,"y":1},"o":{"x":0.333,"y":0},"t":65.053,"s":[3222.581,2888.7],"to":[0,-9.092],"ti":[0,-11.023]},{"t":69,"s":[3222.581,2954.84]}],"ix":2},"a":{"a":0,"k":[0,0],"ix":1},"s":{"a":1,"k":[{"i":{"x":[0.58,0.58],"y":[1,1]},"o":{"x":[0.001,0.001],"y":[0,0]},"t":45.315,"s":[100,100]},{"i":{"x":[0.833,0.833],"y":[0.833,0.833]},"o":{"x":[0.333,0.333],"y":[0,0]},"t":46.895,"s":[91,100]},{"i":{"x":[0.58,0.58],"y":[1,1]},"o":{"x":[0.42,0.42],"y":[0,0]},"t":56.565,"s":[100,83]},{"i":{"x":[0.58,0.58],"y":[1,1]},"o":{"x":[0.42,0.42],"y":[0,0]},"t":63.301,"s":[91,100]},{"t":69,"s":[100,100]}],"ix":3},"r":{"a":0,"k":0,"ix":6},"o":{"a":1,"k":[{"i":{"x":[0.667],"y":[1]},"o":{"x":[0.333],"y":[0]},"t":45.315,"s":[0]},{"t":53.2099609375,"s":[100]}],"ix":7},"sk":{"a":0,"k":0,"ix":4},"sa":{"a":0,"k":0,"ix":5},"nm":"Transform"}],"nm":"Group 7","np":3,"cix":2,"bm":0,"ix":2,"mn":"ADBE Vector Group","hd":false}],"ip":39,"op":75,"st":-283,"ct":1,"bm":0},{"ddd":0,"ind":2,"ty":4,"nm":"9","sr":1,"ks":{"o":{"a":0,"k":100,"ix":11},"r":{"a":0,"k":0,"ix":10},"p":{"a":0,"k":[960,540,0],"ix":2,"l":2},"a":{"a":0,"k":[2500,2500,0],"ix":1,"l":2},"s":{"a":0,"k":[26,26,100],"ix":6,"l":2}},"ao":0,"shapes":[{"ty":"gr","it":[{"ind":0,"ty":"sh","ix":1,"ks":{"a":0,"k":{"i":[[0,0],[0,0]],"o":[[0,0],[0,0]],"v":[[3300,2693.549],[3300,3519.355]],"c":false},"ix":2},"nm":"Path 1","mn":"ADBE Vector Shape - Group","hd":false},{"ty":"st","c":{"a":0,"k":[0,0.2193,0.28,1],"ix":3},"o":{"a":0,"k":100,"ix":4},"w":{"a":0,"k":103.226,"ix":5},"lc":2,"lj":2,"bm":0,"nm":"Stroke 1","mn":"ADBE Vector Graphic - Stroke","hd":false},{"ty":"tr","p":{"a":0,"k":[0,0],"ix":2},"a":{"a":0,"k":[0,0],"ix":1},"s":{"a":0,"k":[100,100],"ix":3},"r":{"a":0,"k":0,"ix":6},"o":{"a":0,"k":100,"ix":7},"sk":{"a":0,"k":0,"ix":4},"sa":{"a":0,"k":0,"ix":5},"nm":"Transform"}],"nm":"Group 1","np":2,"cix":2,"bm":0,"ix":1,"mn":"ADBE Vector Group","hd":false},{"ty":"gr","it":[{"ind":0,"ty":"sh","ix":1,"ks":{"a":0,"k":{"i":[[0,0],[0,0]],"o":[[0,0],[0,0]],"v":[[2500,2693.549],[2500,3519.355]],"c":false},"ix":2},"nm":"Path 1","mn":"ADBE Vector Shape - Group","hd":false},{"ty":"st","c":{"a":0,"k":[0,0.2193,0.28,1],"ix":3},"o":{"a":0,"k":100,"ix":4},"w":{"a":0,"k":103.226,"ix":5},"lc":2,"lj":2,"bm":0,"nm":"Stroke 1","mn":"ADBE Vector Graphic - Stroke","hd":false},{"ty":"tr","p":{"a":0,"k":[0,0],"ix":2},"a":{"a":0,"k":[0,0],"ix":1},"s":{"a":0,"k":[100,100],"ix":3},"r":{"a":0,"k":0,"ix":6},"o":{"a":0,"k":100,"ix":7},"sk":{"a":0,"k":0,"ix":4},"sa":{"a":0,"k":0,"ix":5},"nm":"Transform"}],"nm":"Group 2","np":2,"cix":2,"bm":0,"ix":2,"mn":"ADBE Vector Group","hd":false},{"ty":"gr","it":[{"ind":0,"ty":"sh","ix":1,"ks":{"a":0,"k":{"i":[[0,0],[0,0]],"o":[[0,0],[0,0]],"v":[[1700,2693.549],[1700,3519.355]],"c":false},"ix":2},"nm":"Path 1","mn":"ADBE Vector Shape - Group","hd":false},{"ty":"st","c":{"a":0,"k":[0,0.2193,0.28,1],"ix":3},"o":{"a":0,"k":100,"ix":4},"w":{"a":0,"k":103.226,"ix":5},"lc":2,"lj":2,"bm":0,"nm":"Stroke 1","mn":"ADBE Vector Graphic - Stroke","hd":false},{"ty":"tr","p":{"a":0,"k":[0,0],"ix":2},"a":{"a":0,"k":[0,0],"ix":1},"s":{"a":0,"k":[100,100],"ix":3},"r":{"a":0,"k":0,"ix":6},"o":{"a":0,"k":100,"ix":7},"sk":{"a":0,"k":0,"ix":4},"sa":{"a":0,"k":0,"ix":5},"nm":"Transform"}],"nm":"Group 3","np":2,"cix":2,"bm":0,"ix":3,"mn":"ADBE Vector Group","hd":false},{"ty":"gr","it":[{"ind":0,"ty":"sh","ix":1,"ks":{"a":0,"k":{"i":[[0,0],[0,0],[0,0],[0,0]],"o":[[0,0],[0,0],[0,0],[0,0]],"v":[[1600,412.903],[-1600,412.903],[-1600,-412.903],[1600,-412.903]],"c":true},"ix":2},"nm":"Path 1","mn":"ADBE Vector Shape - Group","hd":false},{"ty":"st","c":{"a":0,"k":[0,0.2193,0.28,1],"ix":3},"o":{"a":0,"k":100,"ix":4},"w":{"a":0,"k":103.226,"ix":5},"lc":2,"lj":2,"bm":0,"nm":"Stroke 1","mn":"ADBE Vector Graphic - Stroke","hd":false},{"ty":"fl","c":{"a":0,"k":[0.24,0.8353,1,1],"ix":4},"o":{"a":0,"k":100,"ix":5},"r":1,"bm":0,"nm":"Fill 1","mn":"ADBE Vector Graphic - Fill","hd":false},{"ty":"tr","p":{"a":0,"k":[2500,3106.451],"ix":2},"a":{"a":0,"k":[0,0],"ix":1},"s":{"a":0,"k":[100,100],"ix":3},"r":{"a":0,"k":0,"ix":6},"o":{"a":0,"k":100,"ix":7},"sk":{"a":0,"k":0,"ix":4},"sa":{"a":0,"k":0,"ix":5},"nm":"Transform"}],"nm":"Group 4","np":3,"cix":2,"bm":0,"ix":4,"mn":"ADBE Vector Group","hd":false},{"ty":"gr","it":[{"ind":0,"ty":"sh","ix":1,"ks":{"a":0,"k":{"i":[[0,0],[0,0],[-78.692,0],[0,0],[0,-78.691],[0,0]],"o":[[0,0],[0,-78.691],[0,0],[78.691,0],[0,0],[0,0]],"v":[[-1548.387,141.936],[-1548.387,0.547],[-1405.904,-141.936],[1405.905,-141.936],[1548.387,0.547],[1548.387,141.936]],"c":false},"ix":2},"nm":"Path 1","mn":"ADBE Vector Shape - Group","hd":false},{"ty":"st","c":{"a":0,"k":[0,0.2193,0.28,1],"ix":3},"o":{"a":0,"k":100,"ix":4},"w":{"a":0,"k":103.226,"ix":5},"lc":2,"lj":2,"bm":0,"nm":"Stroke 1","mn":"ADBE Vector Graphic - Stroke","hd":false},{"ty":"fl","c":{"a":0,"k":[1,1,1,1],"ix":4},"o":{"a":0,"k":100,"ix":5},"r":1,"bm":0,"nm":"Fill 1","mn":"ADBE Vector Graphic - Fill","hd":false},{"ty":"tr","p":{"a":0,"k":[2500,2551.613],"ix":2},"a":{"a":0,"k":[0,0],"ix":1},"s":{"a":0,"k":[100,100],"ix":3},"r":{"a":0,"k":0,"ix":6},"o":{"a":0,"k":100,"ix":7},"sk":{"a":0,"k":0,"ix":4},"sa":{"a":0,"k":0,"ix":5},"nm":"Transform"}],"nm":"Group 5","np":3,"cix":2,"bm":0,"ix":5,"mn":"ADBE Vector Group","hd":false}],"ip":0,"op":75,"st":0,"ct":1,"bm":0},{"ddd":0,"ind":3,"ty":4,"nm":"Shape Layer 1","sr":1,"ks":{"o":{"a":1,"k":[{"i":{"x":[0.833],"y":[0.833]},"o":{"x":[0.167],"y":[0.167]},"t":0,"s":[0]},{"t":5,"s":[100]}],"ix":11},"r":{"a":0,"k":540,"ix":10},"p":{"a":0,"k":[960,512.516,0],"ix":2,"l":2},"a":{"a":0,"k":[-847.609,-87.738,0],"ix":1,"l":2},"s":{"a":0,"k":[-100,100,100],"ix":6,"l":2}},"ao":0,"shapes":[{"ty":"gr","it":[{"ind":0,"ty":"sh","ix":1,"ks":{"a":1,"k":[{"i":{"x":0.833,"y":0.833},"o":{"x":0.42,"y":0},"t":0,"s":[{"i":[[0,0],[0,0],[18.936,0.098],[0,0],[0,0],[12.303,0.49],[0,0],[0,0]],"o":[[0,0],[0,0],[-12.633,-0.065],[0,0],[0,0],[-21.824,-0.869],[0,0],[0,0]],"v":[[306.342,157.895],[173.846,159.404],[132.123,160.511],[93.057,161.475],[-688.941,161.478],[-739.117,161.478],[-792.073,160.668],[-852.224,158.862]],"c":false}]},{"i":{"x":0.833,"y":0.833},"o":{"x":0.167,"y":0.167},"t":29,"s":[{"i":[[0,0],[21.762,15.784],[26.384,12.663],[0,0],[0,0],[22.605,-12.349],[26.632,-28.611],[0,0]],"o":[[0,0],[-21.762,-15.784],[-11.448,-2.924],[0,0],[0,0],[-17.242,14.886],[-26.632,28.611],[0,0]],"v":[[255.861,280.223],[176.821,196.393],[124.674,165.82],[93.057,161.475],[-688.941,161.478],[-734.168,169.389],[-788.309,213.999],[-837.144,268.314]],"c":false}]},{"i":{"x":0.833,"y":0.833},"o":{"x":0.167,"y":0.167},"t":39,"s":[{"i":[[0,0],[0.891,0.646],[19.417,0.911],[0,0],[0,0],[12.969,-0.341],[12.431,-0.033],[0,0]],"o":[[0,0],[-0.891,-0.646],[-12.556,-0.25],[0,0],[0,0],[-21.527,0.15],[-14.819,0.04],[0,0]],"v":[[292.992,161.89],[193.706,161.796],[131.641,160.855],[93.057,161.475],[-688.941,161.478],[-738.607,162.037],[-796.497,161.57],[-881.335,161.441]],"c":false}]},{"i":{"x":0.999,"y":1},"o":{"x":0.167,"y":0.167},"t":47.251,"s":[{"i":[[0,0],[0,0],[11.064,-6.098],[0,0],[0,0],[10.824,5.869],[0,0],[0,0]],"o":[[0,0],[0,0],[-11.064,6.098],[0,0],[0,0],[-10.824,-5.869],[0,0],[0,0]],"v":[[200.342,-12.105],[133.845,137.404],[120.123,156.511],[93.057,161.475],[-688.941,161.478],[-715.117,155.478],[-732.073,136.668],[-798.224,-13.138]],"c":false}]},{"t":62,"s":[{"i":[[0,0],[0,0],[9.317,-5.135],[0,0],[0,0],[9.114,4.942],[0,0],[0,0]],"o":[[0,0],[0,0],[-9.317,5.135],[0,0],[0,0],[-9.114,-4.942],[0,0],[0,0]],"v":[[49.059,-51.64],[38.536,121.407],[26.982,137.496],[4.191,141.675],[-598.707,142.492],[-620.748,137.44],[-635.026,121.601],[-646.941,-60.958]],"c":false}]}],"ix":2},"nm":"Path 1","mn":"ADBE Vector Shape - Group","hd":false},{"ty":"tr","p":{"a":1,"k":[{"i":{"x":0.999,"y":1},"o":{"x":0.42,"y":0},"t":0,"s":[-548.668,90.169],"to":[0,-56.667],"ti":[0,56.667]},{"t":28.8623046875,"s":[-548.668,-249.831]}],"ix":2},"a":{"a":0,"k":[0,0],"ix":1},"s":{"a":0,"k":[100,100],"ix":3},"r":{"a":0,"k":0,"ix":6},"o":{"a":0,"k":100,"ix":7},"sk":{"a":0,"k":0,"ix":4},"sa":{"a":0,"k":0,"ix":5},"nm":"Transform"}],"nm":"Polystar 1","np":1,"cix":2,"bm":0,"ix":1,"mn":"ADBE Vector Group","hd":false},{"ty":"gr","it":[{"ty":"tr","p":{"a":0,"k":[-848,-195.96],"ix":2},"a":{"a":0,"k":[0,0],"ix":1},"s":{"a":0,"k":[26,26],"ix":3},"r":{"a":0,"k":-180,"ix":6},"o":{"a":0,"k":100,"ix":7},"sk":{"a":0,"k":0,"ix":4},"sa":{"a":0,"k":0,"ix":5},"nm":"Transform"}],"nm":"Group 2","np":0,"cix":2,"bm":0,"ix":2,"mn":"ADBE Vector Group","hd":false},{"ty":"st","c":{"a":0,"k":[0,0.2193,0.28,1],"ix":3},"o":{"a":0,"k":100,"ix":4},"w":{"a":0,"k":28.1,"ix":5},"lc":2,"lj":2,"bm":0,"nm":"Stroke 1","mn":"ADBE Vector Graphic - Stroke","hd":false}],"ip":0,"op":67,"st":0,"ct":1,"bm":0},{"ddd":0,"ind":4,"ty":4,"nm":"11","sr":1,"ks":{"o":{"a":0,"k":100,"ix":11},"r":{"a":0,"k":0,"ix":10},"p":{"a":0,"k":[960,540,0],"ix":2,"l":2},"a":{"a":0,"k":[2500,2500,0],"ix":1,"l":2},"s":{"a":0,"k":[26,26,100],"ix":6,"l":2}},"ao":0,"shapes":[{"ty":"gr","it":[{"ind":0,"ty":"sh","ix":1,"ks":{"a":0,"k":{"i":[[0,0],[0,0],[-142.523,0],[0,0],[0,-142.524],[0,0]],"o":[[0,0],[0,-142.524],[0,0],[142.523,0],[0,0],[0,0]],"v":[[-1600,606.452],[-1600,-348.387],[-1341.936,-606.452],[1341.936,-606.452],[1600,-348.387],[1600,606.452]],"c":false},"ix":2},"nm":"Path 1","mn":"ADBE Vector Shape - Group","hd":false},{"ty":"st","c":{"a":0,"k":[0,0.2193,0.28,1],"ix":3},"o":{"a":0,"k":100,"ix":4},"w":{"a":0,"k":103.226,"ix":5},"lc":2,"lj":2,"bm":0,"nm":"Stroke 1","mn":"ADBE Vector Graphic - Stroke","hd":false},{"ty":"fl","c":{"a":0,"k":[0.24,0.8353,1,1],"ix":4},"o":{"a":0,"k":100,"ix":5},"r":1,"bm":0,"nm":"Fill 1","mn":"ADBE Vector Graphic - Fill","hd":false},{"ty":"tr","p":{"a":0,"k":[2500,2087.097],"ix":2},"a":{"a":0,"k":[0,0],"ix":1},"s":{"a":0,"k":[100,100],"ix":3},"r":{"a":0,"k":0,"ix":6},"o":{"a":0,"k":100,"ix":7},"sk":{"a":0,"k":0,"ix":4},"sa":{"a":0,"k":0,"ix":5},"nm":"Transform"}],"nm":"Group 9","np":3,"cix":2,"bm":0,"ix":1,"mn":"ADBE Vector Group","hd":false}],"ip":0,"op":75,"st":0,"ct":1,"bm":0}],"markers":[]}