{"v":"5.9.6","fr":60,"ip":0,"op":56,"w":1080,"h":1080,"nm":"04","ddd":0,"assets":[],"layers":[{"ddd":0,"ind":1,"ty":4,"nm":"Z - 3","sr":1,"ks":{"o":{"a":0,"k":100,"ix":11},"r":{"a":0,"k":0,"ix":10},"p":{"a":1,"k":[{"i":{"x":0.667,"y":1},"o":{"x":0.333,"y":0},"t":0,"s":[601.635,482.517,0],"to":[26.667,-47.667,0],"ti":[-46.667,-24.333,0]},{"t":45,"s":[749.635,412.517,0]}],"ix":2,"l":2},"a":{"a":0,"k":[957.04,724.932,0],"ix":1,"l":2},"s":{"a":1,"k":[{"i":{"x":[0.667,0.667,0.667],"y":[1,1,1]},"o":{"x":[0.333,0.333,0.333],"y":[0,0,0]},"t":0,"s":[0,0,100]},{"i":{"x":[0.833,0.833,0.833],"y":[1,1,1]},"o":{"x":[0.333,0.333,0.333],"y":[0,0,0]},"t":30,"s":[100,100,100]},{"t":45,"s":[0,0,100]}],"ix":6,"l":2}},"ao":0,"shapes":[{"ty":"gr","it":[{"ind":0,"ty":"sh","ix":1,"ks":{"a":0,"k":{"i":[[1.577,-0.571],[0,0],[0,0],[0.25,0.687],[0,0],[1.57,-0.575],[0,0],[-0.575,-1.573],[0,0],[-1.58,0.578],[0,0],[0,0],[-0.246,-0.677],[0,0],[-1.57,0.574],[0,0],[0.571,1.577],[0,0]],"o":[[0,0],[0,0],[0.253,-0.681],[0,0],[-0.571,-1.573],[0,0],[-1.58,0.575],[0,0],[0.568,1.57],[0,0],[0,0],[-0.25,0.67],[0,0],[0.575,1.573],[0,0],[1.576,-0.571],[0,0],[-0.574,-1.577]],"v":[[31.83,5.48],[5.177,15.182],[21.202,-26.933],[21.212,-29.046],[16.093,-43.115],[12.211,-44.928],[-38.959,-26.3],[-40.775,-22.412],[-35.758,-8.64],[-31.874,-6.831],[-8.212,-15.446],[-24.264,27.842],[-24.275,29.935],[-19.48,43.115],[-15.592,44.928],[38.964,25.072],[40.777,21.184],[35.719,7.296]],"c":true},"ix":2},"nm":"Path 1","mn":"ADBE Vector Shape - Group","hd":false},{"ty":"fl","c":{"a":0,"k":[0.9216,0.7333,0.0235,1],"ix":4},"o":{"a":0,"k":100,"ix":5},"r":1,"bm":0,"nm":"Fill 1","mn":"ADBE Vector Graphic - Fill","hd":false},{"ty":"tr","p":{"a":0,"k":[957.04,724.932],"ix":2},"a":{"a":0,"k":[0,0],"ix":1},"s":{"a":0,"k":[100,100],"ix":3},"r":{"a":0,"k":0,"ix":6},"o":{"a":0,"k":100,"ix":7},"sk":{"a":0,"k":0,"ix":4},"sa":{"a":0,"k":0,"ix":5},"nm":"Transform"}],"nm":"Group 1","np":2,"cix":2,"bm":0,"ix":1,"mn":"ADBE Vector Group","hd":false}],"ip":0,"op":422,"st":0,"ct":1,"bm":0},{"ddd":0,"ind":2,"ty":4,"nm":"Z - 2","sr":1,"ks":{"o":{"a":0,"k":100,"ix":11},"r":{"a":0,"k":0,"ix":10},"p":{"a":1,"k":[{"i":{"x":0.667,"y":1},"o":{"x":0.333,"y":0},"t":0,"s":[524.603,545.614,0],"to":[25,-61.667,0],"ti":[-50,-22.333,0]},{"t":45,"s":[686.603,469.614,0]}],"ix":2,"l":2},"a":{"a":0,"k":[880.008,788.03,0],"ix":1,"l":2},"s":{"a":1,"k":[{"i":{"x":[0.667,0.667,0.667],"y":[1,1,1]},"o":{"x":[0.333,0.333,0.333],"y":[0,0,0]},"t":0,"s":[0,0,100]},{"i":{"x":[0.833,0.833,0.833],"y":[1,1,1]},"o":{"x":[0.333,0.333,0.333],"y":[0,0,0]},"t":30,"s":[100,100,100]},{"t":45,"s":[0,0,100]}],"ix":6,"l":2}},"ao":0,"shapes":[{"ty":"gr","it":[{"ind":0,"ty":"sh","ix":1,"ks":{"a":0,"k":{"i":[[1.31,-0.752],[0,0],[0,0],[0.328,0.568],[0,0],[1.303,-0.752],[0,0],[-0.756,-1.306],[0,0],[-1.31,0.756],[0,0],[0,0],[-0.325,-0.554],[0,0],[-1.306,0.756],[0,0],[0.756,1.306],[0,0]],"o":[[0,0],[0,0],[0.113,-0.643],[0,0],[-0.752,-1.303],[0,0],[-1.31,0.759],[0,0],[0.756,1.306],[0,0],[0,0],[-0.116,0.643],[0,0],[0.756,1.306],[0,0],[1.31,-0.756],[0,0],[-0.756,-1.306]],"v":[[29.164,-0.38],[7.058,12.386],[14.681,-27.448],[14.36,-29.322],[7.619,-40.99],[3.892,-41.992],[-38.548,-17.489],[-39.547,-13.758],[-32.953,-2.336],[-29.222,-1.337],[-9.596,-12.667],[-17.065,28.203],[-16.747,30.06],[-10.434,40.993],[-6.706,41.988],[38.548,15.868],[39.547,12.14],[32.895,0.619]],"c":true},"ix":2},"nm":"Path 1","mn":"ADBE Vector Shape - Group","hd":false},{"ty":"fl","c":{"a":0,"k":[0.9216,0.7333,0.0235,1],"ix":4},"o":{"a":0,"k":100,"ix":5},"r":1,"bm":0,"nm":"Fill 1","mn":"ADBE Vector Graphic - Fill","hd":false},{"ty":"tr","p":{"a":0,"k":[880.008,788.03],"ix":2},"a":{"a":0,"k":[0,0],"ix":1},"s":{"a":0,"k":[100,100],"ix":3},"r":{"a":0,"k":0,"ix":6},"o":{"a":0,"k":100,"ix":7},"sk":{"a":0,"k":0,"ix":4},"sa":{"a":0,"k":0,"ix":5},"nm":"Transform"}],"nm":"Group 2","np":2,"cix":2,"bm":0,"ix":1,"mn":"ADBE Vector Group","hd":false}],"ip":0,"op":422,"st":0,"ct":1,"bm":0},{"ddd":0,"ind":3,"ty":4,"nm":"Z - 1","sr":1,"ks":{"o":{"a":0,"k":100,"ix":11},"r":{"a":0,"k":0,"ix":10},"p":{"a":1,"k":[{"i":{"x":0.667,"y":1},"o":{"x":0.333,"y":0},"t":0,"s":[480.942,625.219,0],"to":[12.5,-65.5,0],"ti":[-42.5,-11.5,0]},{"t":45,"s":[614.942,505.219,0]}],"ix":2,"l":2},"a":{"a":0,"k":[825.347,851.635,0],"ix":1,"l":2},"s":{"a":1,"k":[{"i":{"x":[0.667,0.667,0.667],"y":[1,1,1]},"o":{"x":[0.333,0.333,0.333],"y":[0,0,0]},"t":0,"s":[0,0,100]},{"i":{"x":[0.667,0.667,0.667],"y":[1,1,1]},"o":{"x":[0.333,0.333,0.333],"y":[0,0,0]},"t":30,"s":[100,100,100]},{"t":45,"s":[0,0,100]}],"ix":6,"l":2}},"ao":0,"shapes":[{"ty":"gr","it":[{"ind":0,"ty":"sh","ix":1,"ks":{"a":0,"k":{"i":[[0.899,-0.752],[0,0],[0,0],[0.328,0.393],[0,0],[0.896,-0.756],[0,0],[-0.752,-0.899],[0,0],[-0.903,0.756],[0,0],[0,0],[-0.322,-0.386],[0,0],[-0.899,0.756],[0,0],[0.756,0.903],[0,0]],"o":[[0,0],[0,0],[0.007,-0.51],[0,0],[-0.756,-0.899],[0,0],[-0.899,0.756],[0,0],[0.752,0.896],[0,0],[0,0],[-0.007,0.499],[0,0],[0.752,0.899],[0,0],[0.899,-0.756],[0,0],[-0.752,-0.889]],"v":[[22.399,-4.419],[7.184,8.344],[7.646,-23.194],[7.147,-24.589],[0.413,-32.615],[-2.576,-32.879],[-31.777,-8.376],[-32.041,-5.387],[-25.444,2.475],[-22.452,2.732],[-8.95,-8.598],[-9.149,23.722],[-8.656,25.097],[-2.343,32.617],[0.646,32.877],[31.776,6.753],[32.039,3.761],[25.388,-4.163]],"c":true},"ix":2},"nm":"Path 1","mn":"ADBE Vector Shape - Group","hd":false},{"ty":"fl","c":{"a":0,"k":[0.9216,0.7333,0.0235,1],"ix":4},"o":{"a":0,"k":100,"ix":5},"r":1,"bm":0,"nm":"Fill 1","mn":"ADBE Vector Graphic - Fill","hd":false},{"ty":"tr","p":{"a":0,"k":[825.347,851.635],"ix":2},"a":{"a":0,"k":[0,0],"ix":1},"s":{"a":0,"k":[100,100],"ix":3},"r":{"a":0,"k":0,"ix":6},"o":{"a":0,"k":100,"ix":7},"sk":{"a":0,"k":0,"ix":4},"sa":{"a":0,"k":0,"ix":5},"nm":"Transform"}],"nm":"Group 3","np":2,"cix":2,"bm":0,"ix":1,"mn":"ADBE Vector Group","hd":false}],"ip":0,"op":422,"st":0,"ct":1,"bm":0}],"markers":[]}