{"v":"5.5.7","meta":{"g":"LottieFiles AE 0.1.20","a":"Jonhson Subianto","k":"calendar, rest, sleep","d":"Calendar Sleep Day","tc":"#FFFFFF"},"fr":60,"ip":0,"op":180,"w":500,"h":500,"nm":"Comp 1","ddd":0,"assets":[],"fonts":{"list":[{"fName":"ArialRoundedMTBold","fFamily":"Arial Rounded MT Bold","fStyle":"Regular","ascent":74.0203857421875}]},"layers":[{"ddd":0,"ind":1,"ty":5,"nm":"z 5","sr":1,"ks":{"o":{"a":0,"k":100,"ix":11},"r":{"a":0,"k":-11.972,"ix":10},"p":{"a":1,"k":[{"i":{"x":0.833,"y":0.833},"o":{"x":0.167,"y":0.167},"t":120,"s":[301.5,301.5,0],"to":[11.917,-4.917,0],"ti":[-11.917,4.917,0]},{"t":179,"s":[373,272,0]}],"ix":2},"a":{"a":0,"k":[0,0,0],"ix":1},"s":{"a":1,"k":[{"i":{"x":[0.833,0.833,0.833],"y":[0.833,0.833,0.833]},"o":{"x":[0.167,0.167,0.167],"y":[0.167,0.167,0.167]},"t":120,"s":[72.592,72.592,100]},{"t":179,"s":[129.024,129.024,100]}],"ix":6}},"ao":0,"t":{"d":{"k":[{"s":{"s":36,"f":"ArialRoundedMTBold","t":"z","j":0,"tr":0,"lh":43.2,"ls":0,"fc":[0.6742,0.9026,0.9658,1]},"t":0}]},"p":{},"m":{"g":1,"a":{"a":0,"k":[0,0],"ix":2}},"a":[]},"ip":120,"op":180,"st":90,"bm":0},{"ddd":0,"ind":2,"ty":5,"nm":"z 4","sr":1,"ks":{"o":{"a":0,"k":100,"ix":11},"r":{"a":0,"k":-11.972,"ix":10},"p":{"a":1,"k":[{"i":{"x":0.833,"y":0.833},"o":{"x":0.167,"y":0.167},"t":90,"s":[301.5,301.5,0],"to":[11.917,-4.917,0],"ti":[-11.917,4.917,0]},{"t":149,"s":[373,272,0]}],"ix":2},"a":{"a":0,"k":[0,0,0],"ix":1},"s":{"a":1,"k":[{"i":{"x":[0.833,0.833,0.833],"y":[0.833,0.833,0.833]},"o":{"x":[0.167,0.167,0.167],"y":[0.167,0.167,0.167]},"t":90,"s":[72.592,72.592,100]},{"t":149,"s":[129.024,129.024,100]}],"ix":6}},"ao":0,"t":{"d":{"k":[{"s":{"s":36,"f":"ArialRoundedMTBold","t":"z","j":0,"tr":0,"lh":43.2,"ls":0,"fc":[0.6742,0.9026,0.9658,1]},"t":0}]},"p":{},"m":{"g":1,"a":{"a":0,"k":[0,0],"ix":2}},"a":[]},"ip":90,"op":150,"st":60,"bm":0},{"ddd":0,"ind":3,"ty":5,"nm":"z 3","sr":1,"ks":{"o":{"a":0,"k":100,"ix":11},"r":{"a":0,"k":-11.972,"ix":10},"p":{"a":1,"k":[{"i":{"x":0.833,"y":0.833},"o":{"x":0.167,"y":0.167},"t":60,"s":[301.5,301.5,0],"to":[11.917,-4.917,0],"ti":[-11.917,4.917,0]},{"t":119,"s":[373,272,0]}],"ix":2},"a":{"a":0,"k":[0,0,0],"ix":1},"s":{"a":1,"k":[{"i":{"x":[0.833,0.833,0.833],"y":[0.833,0.833,0.833]},"o":{"x":[0.167,0.167,0.167],"y":[0.167,0.167,0.167]},"t":60,"s":[72.592,72.592,100]},{"t":119,"s":[129.024,129.024,100]}],"ix":6}},"ao":0,"t":{"d":{"k":[{"s":{"s":36,"f":"ArialRoundedMTBold","t":"z","j":0,"tr":0,"lh":43.2,"ls":0,"fc":[0.6742,0.9026,0.9658,1]},"t":0}]},"p":{},"m":{"g":1,"a":{"a":0,"k":[0,0],"ix":2}},"a":[]},"ip":60,"op":120,"st":30,"bm":0},{"ddd":0,"ind":4,"ty":5,"nm":"z 2","sr":1,"ks":{"o":{"a":0,"k":100,"ix":11},"r":{"a":0,"k":-11.972,"ix":10},"p":{"a":1,"k":[{"i":{"x":0.833,"y":0.833},"o":{"x":0.167,"y":0.167},"t":30,"s":[301.5,301.5,0],"to":[11.917,-4.917,0],"ti":[-11.917,4.917,0]},{"t":89,"s":[373,272,0]}],"ix":2},"a":{"a":0,"k":[0,0,0],"ix":1},"s":{"a":1,"k":[{"i":{"x":[0.833,0.833,0.833],"y":[0.833,0.833,0.833]},"o":{"x":[0.167,0.167,0.167],"y":[0.167,0.167,0.167]},"t":30,"s":[72.592,72.592,100]},{"t":89,"s":[129.024,129.024,100]}],"ix":6}},"ao":0,"t":{"d":{"k":[{"s":{"s":36,"f":"ArialRoundedMTBold","t":"z","j":0,"tr":0,"lh":43.2,"ls":0,"fc":[0.6742,0.9026,0.9658,1]},"t":0}]},"p":{},"m":{"g":1,"a":{"a":0,"k":[0,0],"ix":2}},"a":[]},"ip":30,"op":90,"st":0,"bm":0},{"ddd":0,"ind":5,"ty":4,"nm":"people sleep Outlines","sr":1,"ks":{"o":{"a":0,"k":100,"ix":11},"r":{"a":0,"k":0,"ix":10},"p":{"a":0,"k":[246,328,0],"ix":2},"a":{"a":0,"k":[73,74.5,0],"ix":1},"s":{"a":0,"k":[100,100,100],"ix":6}},"ao":0,"shapes":[{"ty":"gr","it":[{"ind":0,"ty":"sh","ix":1,"ks":{"a":0,"k":{"i":[[0,0],[-7.49,1.136]],"o":[[0,0],[0,0]],"v":[[-6.23,-1.479],[6.23,0.343]],"c":false},"ix":2},"nm":"Path 1","mn":"ADBE Vector Shape - Group","hd":false},{"ty":"st","c":{"a":0,"k":[0.3778,0.8199,0.9422,1],"ix":3},"o":{"a":0,"k":100,"ix":4},"w":{"a":0,"k":7,"ix":5},"lc":2,"lj":2,"bm":0,"nm":"Stroke 1","mn":"ADBE Vector Graphic - Stroke","hd":false},{"ty":"fl","c":{"a":0,"k":[1,1,1,1],"ix":4},"o":{"a":0,"k":100,"ix":5},"r":1,"bm":0,"nm":"Fill 1","mn":"ADBE Vector Graphic - Fill","hd":false},{"ty":"tr","p":{"a":1,"k":[{"i":{"x":0.833,"y":0.833},"o":{"x":0.167,"y":0.167},"t":0,"s":[87.372,51.352],"to":[0,0.833],"ti":[0,-0.833]},{"i":{"x":0.833,"y":0.833},"o":{"x":0.167,"y":0.167},"t":30,"s":[87.372,56.352],"to":[0,0],"ti":[0,0]},{"i":{"x":0.833,"y":0.833},"o":{"x":0.167,"y":0.167},"t":90,"s":[87.372,60.352],"to":[0,0],"ti":[0,0]},{"i":{"x":0.833,"y":0.833},"o":{"x":0.167,"y":0.167},"t":150,"s":[87.372,56.352],"to":[0,-0.833],"ti":[0,0.833]},{"t":179,"s":[87.372,51.352]}],"ix":2},"a":{"a":0,"k":[0,0],"ix":1},"s":{"a":0,"k":[100,100],"ix":3},"r":{"a":0,"k":0,"ix":6},"o":{"a":0,"k":100,"ix":7},"sk":{"a":0,"k":0,"ix":4},"sa":{"a":0,"k":0,"ix":5},"nm":"Transform"}],"nm":"left eye","np":3,"cix":2,"bm":0,"ix":1,"mn":"ADBE Vector Group","hd":false},{"ty":"gr","it":[{"ind":0,"ty":"sh","ix":1,"ks":{"a":0,"k":{"i":[[0,0],[-6.78,3.38]],"o":[[0,0],[0,0]],"v":[[-6.413,0.627],[6.413,-1.69]],"c":false},"ix":2},"nm":"Path 1","mn":"ADBE Vector Shape - Group","hd":false},{"ty":"st","c":{"a":0,"k":[0.3778,0.8199,0.9422,1],"ix":3},"o":{"a":0,"k":100,"ix":4},"w":{"a":0,"k":7,"ix":5},"lc":2,"lj":2,"bm":0,"nm":"Stroke 1","mn":"ADBE Vector Graphic - Stroke","hd":false},{"ty":"fl","c":{"a":0,"k":[1,1,1,1],"ix":4},"o":{"a":0,"k":100,"ix":5},"r":1,"bm":0,"nm":"Fill 1","mn":"ADBE Vector Graphic - Fill","hd":false},{"ty":"tr","p":{"a":1,"k":[{"i":{"x":0.833,"y":0.833},"o":{"x":0.167,"y":0.167},"t":0,"s":[58.887,51.564],"to":[0,0.833],"ti":[0,-0.833]},{"i":{"x":0.833,"y":0.833},"o":{"x":0.167,"y":0.167},"t":30,"s":[58.887,56.564],"to":[0,0],"ti":[0,0]},{"i":{"x":0.833,"y":0.833},"o":{"x":0.167,"y":0.167},"t":90,"s":[58.887,60.564],"to":[0,0],"ti":[0,0]},{"i":{"x":0.833,"y":0.833},"o":{"x":0.167,"y":0.167},"t":150,"s":[58.887,56.564],"to":[0,-0.833],"ti":[0,0.833]},{"t":179,"s":[58.887,51.564]}],"ix":2},"a":{"a":0,"k":[0,0],"ix":1},"s":{"a":0,"k":[100,100],"ix":3},"r":{"a":0,"k":0,"ix":6},"o":{"a":0,"k":100,"ix":7},"sk":{"a":0,"k":0,"ix":4},"sa":{"a":0,"k":0,"ix":5},"nm":"Transform"}],"nm":"right eye","np":3,"cix":2,"bm":0,"ix":2,"mn":"ADBE Vector Group","hd":false},{"ty":"gr","it":[{"ind":0,"ty":"sh","ix":1,"ks":{"a":0,"k":{"i":[[0,22.364],[22.365,0],[0,-22.364],[-22.364,0]],"o":[[0,-22.364],[-22.364,0],[0,22.364],[22.365,0]],"v":[[40.494,0],[0,-40.494],[-40.494,0],[0,40.494]],"c":true},"ix":2},"nm":"Path 1","mn":"ADBE Vector Shape - Group","hd":false},{"ty":"st","c":{"a":0,"k":[0.3778,0.8199,0.9422,1],"ix":3},"o":{"a":0,"k":100,"ix":4},"w":{"a":0,"k":11.339,"ix":5},"lc":2,"lj":2,"bm":0,"nm":"Stroke 1","mn":"ADBE Vector Graphic - Stroke","hd":false},{"ty":"fl","c":{"a":0,"k":[0.6742,0.9026,0.9658,1],"ix":4},"o":{"a":0,"k":100,"ix":5},"r":1,"bm":0,"nm":"Fill 1","mn":"ADBE Vector Graphic - Fill","hd":false},{"ty":"tr","p":{"a":1,"k":[{"i":{"x":0.833,"y":0.833},"o":{"x":0.167,"y":0.167},"t":0,"s":[72.839,40.77],"to":[0,0.899],"ti":[0,-0.899]},{"i":{"x":0.833,"y":0.833},"o":{"x":0.167,"y":0.167},"t":30,"s":[72.839,46.164],"to":[0,0],"ti":[0,0]},{"i":{"x":0.833,"y":0.833},"o":{"x":0.167,"y":0.167},"t":150,"s":[72.839,46.164],"to":[0,-0.899],"ti":[0,0.899]},{"t":179,"s":[72.839,40.77]}],"ix":2},"a":{"a":0,"k":[0,0],"ix":1},"s":{"a":0,"k":[100,100],"ix":3},"r":{"a":0,"k":0,"ix":6},"o":{"a":0,"k":100,"ix":7},"sk":{"a":0,"k":0,"ix":4},"sa":{"a":0,"k":0,"ix":5},"nm":"Transform"}],"nm":"head","np":3,"cix":2,"bm":0,"ix":3,"mn":"ADBE Vector Group","hd":false},{"ty":"gr","it":[{"ind":0,"ty":"sh","ix":1,"ks":{"a":0,"k":{"i":[[0,0],[0,0],[37.098,0],[0,-37.097],[0,0]],"o":[[0,0],[0,-37.097],[-37.096,0],[0,0],[0,0]],"v":[[40.495,33.585],[67.17,33.585],[0,-33.585],[-67.17,33.585],[17.089,33.585]],"c":false},"ix":2},"nm":"Path 1","mn":"ADBE Vector Shape - Group","hd":false},{"ty":"tm","s":{"a":1,"k":[{"i":{"x":[0.833],"y":[0.833]},"o":{"x":[0.167],"y":[0.167]},"t":0,"s":[0]},{"i":{"x":[0.833],"y":[0.833]},"o":{"x":[0.167],"y":[0.167]},"t":90,"s":[6]},{"t":180,"s":[0]}],"ix":1},"e":{"a":1,"k":[{"i":{"x":[0.833],"y":[0.833]},"o":{"x":[0.167],"y":[0.167]},"t":0,"s":[100]},{"i":{"x":[0.833],"y":[0.833]},"o":{"x":[0.167],"y":[0.167]},"t":90,"s":[99]},{"t":180,"s":[100]}],"ix":2},"o":{"a":1,"k":[{"i":{"x":[0.833],"y":[0.833]},"o":{"x":[0.167],"y":[0.167]},"t":0,"s":[-4]},{"i":{"x":[0.833],"y":[0.833]},"o":{"x":[0.167],"y":[0.167]},"t":90,"s":[12]},{"t":180,"s":[-4]}],"ix":3},"m":1,"ix":2,"nm":"Trim Paths 1","mn":"ADBE Vector Filter - Trim","hd":false},{"ty":"st","c":{"a":0,"k":[0.3778,0.8199,0.9422,1],"ix":3},"o":{"a":0,"k":100,"ix":4},"w":{"a":0,"k":11.339,"ix":5},"lc":2,"lj":2,"bm":0,"nm":"Stroke 1","mn":"ADBE Vector Graphic - Stroke","hd":false},{"ty":"fl","c":{"a":0,"k":[0.6742,0.9026,0.9658,1],"ix":4},"o":{"a":0,"k":100,"ix":5},"r":1,"bm":0,"nm":"Fill 1","mn":"ADBE Vector Graphic - Fill","hd":false},{"ty":"tr","p":{"a":1,"k":[{"i":{"x":0.833,"y":0.833},"o":{"x":0.167,"y":0.167},"t":0,"s":[72.839,113.355],"to":[0,-0.69],"ti":[0,0.69]},{"i":{"x":0.833,"y":0.833},"o":{"x":0.167,"y":0.167},"t":30,"s":[72.839,109.214],"to":[0,0],"ti":[0,0]},{"i":{"x":0.833,"y":0.833},"o":{"x":0.167,"y":0.167},"t":150,"s":[72.839,109.214],"to":[0,0.69],"ti":[0,-0.69]},{"t":179,"s":[72.839,113.355]}],"ix":2},"a":{"a":0,"k":[0,0],"ix":1},"s":{"a":0,"k":[100,100],"ix":3},"r":{"a":0,"k":0,"ix":6},"o":{"a":0,"k":100,"ix":7},"sk":{"a":0,"k":0,"ix":4},"sa":{"a":0,"k":0,"ix":5},"nm":"Transform"}],"nm":"body","np":4,"cix":2,"bm":0,"ix":4,"mn":"ADBE Vector Group","hd":false}],"ip":0,"op":180,"st":0,"bm":0},{"ddd":0,"ind":6,"ty":4,"nm":"pillow Outlines","sr":1,"ks":{"o":{"a":0,"k":100,"ix":11},"r":{"a":0,"k":0,"ix":10},"p":{"a":1,"k":[{"i":{"x":0.833,"y":0.833},"o":{"x":0.167,"y":0.167},"t":0,"s":[246,287,0],"to":[0,-1.833,0],"ti":[0,1.833,0]},{"i":{"x":0.833,"y":0.833},"o":{"x":0.167,"y":0.167},"t":30,"s":[246,276,0],"to":[0,0,0],"ti":[0,0,0]},{"i":{"x":0.833,"y":0.833},"o":{"x":0.167,"y":0.167},"t":150,"s":[246,276,0],"to":[0,1.833,0],"ti":[0,-1.833,0]},{"t":179,"s":[246,287,0]}],"ix":2},"a":{"a":0,"k":[92.5,68,0],"ix":1},"s":{"a":1,"k":[{"i":{"x":[0.833,0.833,0.833],"y":[0.833,0.833,0.833]},"o":{"x":[0.167,0.167,0.167],"y":[0.167,0.167,0.167]},"t":0,"s":[89.52,89.52,100]},{"i":{"x":[0.833,0.833,0.833],"y":[0.833,0.833,0.833]},"o":{"x":[0.167,0.167,0.167],"y":[0.167,0.167,0.167]},"t":30,"s":[100,100,100]},{"i":{"x":[0.833,0.833,0.833],"y":[0.833,0.833,0.833]},"o":{"x":[0.167,0.167,0.167],"y":[0.167,0.167,0.167]},"t":150,"s":[100,100,100]},{"t":179,"s":[89.52,89.52,100]}],"ix":6}},"ao":0,"shapes":[{"ty":"gr","it":[{"ind":0,"ty":"sh","ix":1,"ks":{"a":0,"k":{"i":[[3.326,1.418],[7.676,23.286],[3.179,7.119],[7.285,-3.108],[1.451,-3.25],[38.803,-7.501],[7.285,-3.108],[-3.179,-7.118],[-3.325,-1.419],[-7.675,-23.286],[-3.179,-7.12],[-7.285,3.109],[-1.452,3.25],[-38.803,7.501],[-7.285,3.109],[3.179,7.119]],"o":[[7.676,-23.286],[7.285,-3.108],[-3.181,-7.119],[-3.326,1.419],[-38.803,-7.501],[-3.18,-7.119],[-7.284,3.107],[1.452,3.251],[-7.675,23.286],[-7.284,3.107],[3.18,7.119],[3.326,-1.418],[38.803,7.501],[3.179,7.119],[7.285,-3.107],[-1.452,-3.25]],"v":[[77.716,34.928],[77.716,-34.928],[85.149,-53.445],[66.201,-60.708],[58.769,-53.445],[-58.769,-53.445],[-77.717,-60.708],[-85.149,-42.193],[-77.717,-34.928],[-77.717,34.928],[-85.149,53.446],[-66.201,60.708],[-58.769,53.446],[58.769,53.446],[77.716,60.708],[85.149,42.191]],"c":true},"ix":2},"nm":"Path 1","mn":"ADBE Vector Shape - Group","hd":false},{"ty":"st","c":{"a":0,"k":[0.3778,0.8199,0.9422,1],"ix":3},"o":{"a":0,"k":100,"ix":4},"w":{"a":0,"k":11.339,"ix":5},"lc":2,"lj":2,"bm":0,"nm":"Stroke 1","mn":"ADBE Vector Graphic - Stroke","hd":false},{"ty":"fl","c":{"a":0,"k":[1,1,1,1],"ix":4},"o":{"a":0,"k":100,"ix":5},"r":1,"bm":0,"nm":"Fill 1","mn":"ADBE Vector Graphic - Fill","hd":false},{"ty":"tr","p":{"a":0,"k":[92.024,67.556],"ix":2},"a":{"a":0,"k":[0,0],"ix":1},"s":{"a":0,"k":[100,100],"ix":3},"r":{"a":0,"k":0,"ix":6},"o":{"a":0,"k":100,"ix":7},"sk":{"a":0,"k":0,"ix":4},"sa":{"a":0,"k":0,"ix":5},"nm":"Transform"}],"nm":"Group 1","np":3,"cix":2,"bm":0,"ix":1,"mn":"ADBE Vector Group","hd":false}],"ip":0,"op":180,"st":0,"bm":0},{"ddd":0,"ind":7,"ty":4,"nm":"calendar Outlines","sr":1,"ks":{"o":{"a":0,"k":100,"ix":11},"r":{"a":0,"k":0,"ix":10},"p":{"a":0,"k":[250,250,0],"ix":2},"a":{"a":0,"k":[199.5,198.5,0],"ix":1},"s":{"a":0,"k":[100,100,100],"ix":6}},"ao":0,"shapes":[{"ty":"gr","it":[{"ind":0,"ty":"sh","ix":1,"ks":{"a":0,"k":{"i":[[0,0],[12.15,0],[0,12.15],[0,0],[-12.15,0],[0,-12.151]],"o":[[0,12.15],[-12.15,0],[0,0],[0,-12.151],[12.15,0],[0,0]],"v":[[22,19.83],[0,41.83],[-22,19.83],[-22,-19.83],[0,-41.83],[22,-19.83]],"c":true},"ix":2},"nm":"Path 1","mn":"ADBE Vector Shape - Group","hd":false},{"ty":"st","c":{"a":0,"k":[0.0706,0.5098,0.6353,1],"ix":3},"o":{"a":0,"k":100,"ix":4},"w":{"a":0,"k":22.677,"ix":5},"lc":2,"lj":1,"ml":10,"bm":0,"nm":"Stroke 1","mn":"ADBE Vector Graphic - Stroke","hd":false},{"ty":"fl","c":{"a":0,"k":[1,1,1,1],"ix":4},"o":{"a":0,"k":100,"ix":5},"r":1,"bm":0,"nm":"Fill 1","mn":"ADBE Vector Graphic - Fill","hd":false},{"ty":"tr","p":{"a":0,"k":[310.872,53.169],"ix":2},"a":{"a":0,"k":[0,0],"ix":1},"s":{"a":0,"k":[100,100],"ix":3},"r":{"a":0,"k":0,"ix":6},"o":{"a":0,"k":100,"ix":7},"sk":{"a":0,"k":0,"ix":4},"sa":{"a":0,"k":0,"ix":5},"nm":"Transform"}],"nm":"binding 1","np":3,"cix":2,"bm":0,"ix":1,"mn":"ADBE Vector Group","hd":false},{"ty":"gr","it":[{"ind":0,"ty":"sh","ix":1,"ks":{"a":0,"k":{"i":[[0,0],[12.15,0],[0,12.15],[0,0],[-12.15,0],[0,-12.151]],"o":[[0,12.15],[-12.15,0],[0,0],[0,-12.151],[12.15,0],[0,0]],"v":[[22,19.83],[0,41.83],[-22,19.83],[-22,-19.83],[0,-41.83],[22,-19.83]],"c":true},"ix":2},"nm":"Path 1","mn":"ADBE Vector Shape - Group","hd":false},{"ty":"st","c":{"a":0,"k":[0.0706,0.5098,0.6353,1],"ix":3},"o":{"a":0,"k":100,"ix":4},"w":{"a":0,"k":22.677,"ix":5},"lc":2,"lj":1,"ml":10,"bm":0,"nm":"Stroke 1","mn":"ADBE Vector Graphic - Stroke","hd":false},{"ty":"fl","c":{"a":0,"k":[1,1,1,1],"ix":4},"o":{"a":0,"k":100,"ix":5},"r":1,"bm":0,"nm":"Fill 1","mn":"ADBE Vector Graphic - Fill","hd":false},{"ty":"tr","p":{"a":0,"k":[87.573,53.169],"ix":2},"a":{"a":0,"k":[0,0],"ix":1},"s":{"a":0,"k":[100,100],"ix":3},"r":{"a":0,"k":0,"ix":6},"o":{"a":0,"k":100,"ix":7},"sk":{"a":0,"k":0,"ix":4},"sa":{"a":0,"k":0,"ix":5},"nm":"Transform"}],"nm":"binding 2","np":3,"cix":2,"bm":0,"ix":2,"mn":"ADBE Vector Group","hd":false},{"ty":"gr","it":[{"ind":0,"ty":"sh","ix":1,"ks":{"a":0,"k":{"i":[[0,0],[0,0],[-5.485,0],[0,0],[0,-5.487],[0,0],[5.486,0],[0,0],[0,5.486],[0,0]],"o":[[0,0],[0,-5.487],[0,0],[5.486,0],[0,0],[0,5.486],[0,0],[-5.485,0],[0,0],[0,0]],"v":[[-187.885,32.933],[-187.885,-157.051],[-177.952,-166.984],[177.951,-166.984],[187.884,-157.051],[187.884,157.051],[177.951,166.984],[-177.952,166.984],[-187.885,157.051],[-187.885,68.934]],"c":false},"ix":2},"nm":"Path 1","mn":"ADBE Vector Shape - Group","hd":false},{"ty":"tm","s":{"a":1,"k":[{"i":{"x":[0.833],"y":[0.833]},"o":{"x":[0.167],"y":[0.167]},"t":0,"s":[0]},{"t":179,"s":[0]}],"ix":1},"e":{"a":1,"k":[{"i":{"x":[0.833],"y":[0.833]},"o":{"x":[0.167],"y":[0.167]},"t":0,"s":[100]},{"i":{"x":[0.833],"y":[0.833]},"o":{"x":[0.167],"y":[0.167]},"t":90,"s":[95]},{"t":179,"s":[100]}],"ix":2},"o":{"a":0,"k":11,"ix":3},"m":1,"ix":2,"nm":"Trim Paths 1","mn":"ADBE Vector Filter - Trim","hd":false},{"ty":"st","c":{"a":0,"k":[0.0706,0.5098,0.6353,1],"ix":3},"o":{"a":0,"k":100,"ix":4},"w":{"a":0,"k":22.677,"ix":5},"lc":2,"lj":1,"ml":10,"bm":0,"nm":"Stroke 1","mn":"ADBE Vector Graphic - Stroke","hd":false},{"ty":"tr","p":{"a":0,"k":[199.223,217.729],"ix":2},"a":{"a":0,"k":[0,0],"ix":1},"s":{"a":0,"k":[100,100],"ix":3},"r":{"a":0,"k":0,"ix":6},"o":{"a":0,"k":100,"ix":7},"sk":{"a":0,"k":0,"ix":4},"sa":{"a":0,"k":0,"ix":5},"nm":"Transform"}],"nm":"outline","np":3,"cix":2,"bm":0,"ix":3,"mn":"ADBE Vector Group","hd":false},{"ty":"gr","it":[{"ind":0,"ty":"sh","ix":1,"ks":{"a":0,"k":{"i":[[0,0],[0,0],[5.485,0],[0,0],[0,-5.485],[0,0]],"o":[[0,0],[0,-5.485],[0,0],[-5.486,0],[0,0],[0,0]],"v":[[187.885,43.755],[187.885,-33.823],[177.952,-43.755],[-177.951,-43.755],[-187.885,-33.823],[-187.885,43.755]],"c":true},"ix":2},"nm":"Path 1","mn":"ADBE Vector Shape - Group","hd":false},{"ty":"fl","c":{"a":0,"k":[0.6742,0.9026,0.9658,1],"ix":4},"o":{"a":0,"k":100,"ix":5},"r":1,"bm":0,"nm":"Fill 1","mn":"ADBE Vector Graphic - Fill","hd":false},{"ty":"tr","p":{"a":0,"k":[199.222,94.5],"ix":2},"a":{"a":0,"k":[0,0],"ix":1},"s":{"a":0,"k":[100,100],"ix":3},"r":{"a":0,"k":0,"ix":6},"o":{"a":0,"k":100,"ix":7},"sk":{"a":0,"k":0,"ix":4},"sa":{"a":0,"k":0,"ix":5},"nm":"Transform"}],"nm":"header","np":2,"cix":2,"bm":0,"ix":4,"mn":"ADBE Vector Group","hd":false},{"ty":"gr","it":[{"ind":0,"ty":"sh","ix":1,"ks":{"a":0,"k":{"i":[[0,0],[2.309,0],[0,0],[0,-5.42],[0,0],[-1.334,-1.676]],"o":[[-1.676,-1.333],[0,0],[-5.42,0],[0,0],[0,2.307],[0,0]],"v":[[37.522,-35.387],[31.42,-37.523],[-27.709,-37.523],[-37.523,-27.708],[-37.523,31.422],[-35.388,37.523]],"c":true},"ix":2},"nm":"Path 1","mn":"ADBE Vector Shape - Group","hd":false},{"ty":"fl","c":{"a":0,"k":[0.814,0.8704,0.886,1],"ix":4},"o":{"a":0,"k":100,"ix":5},"r":1,"bm":0,"nm":"Fill 1","mn":"ADBE Vector Graphic - Fill","hd":false},{"ty":"tr","p":{"a":1,"k":[{"i":{"x":0.833,"y":0.833},"o":{"x":0.167,"y":0.167},"t":0,"s":[345.045,342.484],"to":[1.743,1.586],"ti":[0,0]},{"i":{"x":0.833,"y":0.833},"o":{"x":0.167,"y":0.167},"t":90,"s":[355.5,352],"to":[0,0],"ti":[1.743,1.586]},{"t":179,"s":[345.045,342.484]}],"ix":2},"a":{"a":0,"k":[0,0],"ix":1},"s":{"a":0,"k":[100,100],"ix":3},"r":{"a":0,"k":0,"ix":6},"o":{"a":0,"k":100,"ix":7},"sk":{"a":0,"k":0,"ix":4},"sa":{"a":0,"k":0,"ix":5},"nm":"Transform"}],"nm":"fold","np":2,"cix":2,"bm":0,"ix":5,"mn":"ADBE Vector Group","hd":false},{"ty":"gr","it":[{"ind":0,"ty":"sh","ix":1,"ks":{"a":0,"k":{"i":[[0,0],[5.485,0],[0,0],[0,5.485],[0,0],[-5.486,0],[0,0],[0,-5.486]],"o":[[0,5.485],[0,0],[-5.486,0],[0,0],[0,-5.486],[0,0],[5.485,0],[0,0]],"v":[[187.885,157.052],[177.952,166.984],[-177.951,166.984],[-187.885,157.052],[-187.885,-157.052],[-177.951,-166.984],[177.952,-166.984],[187.885,-157.052]],"c":true},"ix":2},"nm":"Path 1","mn":"ADBE Vector Shape - Group","hd":false},{"ty":"fl","c":{"a":0,"k":[1,1,1,1],"ix":4},"o":{"a":0,"k":100,"ix":5},"r":1,"bm":0,"nm":"Fill 1","mn":"ADBE Vector Graphic - Fill","hd":false},{"ty":"tr","p":{"a":0,"k":[199.222,217.729],"ix":2},"a":{"a":0,"k":[0,0],"ix":1},"s":{"a":0,"k":[100,100],"ix":3},"r":{"a":0,"k":0,"ix":6},"o":{"a":0,"k":100,"ix":7},"sk":{"a":0,"k":0,"ix":4},"sa":{"a":0,"k":0,"ix":5},"nm":"Transform"}],"nm":"background","np":2,"cix":2,"bm":0,"ix":6,"mn":"ADBE Vector Group","hd":false}],"ip":0,"op":180,"st":0,"bm":0}],"markers":[{"tm":0,"cm":"1","dr":0},{"tm":30,"cm":"2","dr":0},{"tm":60,"cm":"3","dr":0},{"tm":90,"cm":"4","dr":0},{"tm":120,"cm":"5","dr":0},{"tm":150,"cm":"6","dr":0},{"tm":179,"cm":"7","dr":0}],"chars":[{"ch":"z","size":36,"style":"Regular","w":52.1,"data":{"shapes":[{"ty":"gr","it":[{"ind":0,"ty":"sh","ix":1,"ks":{"a":0,"k":{"i":[[-0.619,0.7],[-0.359,0.488],[-0.293,0.765],[0,0.716],[1.514,0.83],[2.832,0],[0,0],[1.057,-0.911],[0,-1.53],[-1.4,-0.488],[-2.734,0],[0,0],[1.35,-1.595],[2.051,-2.295],[2.393,-2.637],[2.93,-3.255],[0.879,-1.155],[0,-1.139],[-1.254,-1.106],[-2.539,0],[0,0],[-1.058,0.945],[0,1.498],[1.074,0.993],[2.116,0],[0,0],[0,0]],"o":[[0.618,-0.7],[0.358,-0.488],[0.293,-0.764],[0,-2.148],[-1.514,-0.83],[0,0],[-1.953,0],[-1.058,0.912],[0,2.084],[1.399,0.488],[0,0],[-0.814,1.14],[-1.351,1.595],[-2.051,2.295],[-2.393,2.637],[-2.767,3.093],[-0.879,1.156],[0,1.921],[1.253,1.107],[0,0],[2.148,0],[1.057,-0.944],[0,-1.562],[-1.074,-0.993],[0,0],[0,0],[0.911,-0.977]],"v":[[45.41,-40.21],[46.875,-41.992],[47.852,-43.872],[48.291,-46.094],[46.021,-50.562],[39.502,-51.807],[8.887,-51.807],[4.37,-50.439],[2.783,-46.777],[4.883,-42.92],[11.084,-42.188],[30.908,-42.188],[27.661,-38.086],[22.559,-32.251],[15.894,-24.854],[7.91,-16.016],[2.441,-9.644],[1.123,-6.201],[3.003,-1.66],[8.691,0],[44.824,0],[49.634,-1.416],[51.221,-5.078],[49.609,-8.911],[44.824,-10.4],[18.701,-10.4],[43.115,-37.695]],"c":true},"ix":2},"nm":"z","mn":"ADBE Vector Shape - Group","hd":false}],"nm":"z","np":3,"cix":2,"bm":0,"ix":1,"mn":"ADBE Vector Group","hd":false}]},"fFamily":"Arial Rounded MT Bold"}]}